{
    "reddit": {
        "nb": 16,
        "score": 0.3125
    },
    "shopping": {
        "nb": 15,
        "score": 0.4666666666666667
    },
    "gitlab": {
        "nb": 19,
        "score": 0.3157894736842105
    },
    "shopping_admin": {
        "nb": 24,
        "score": 0.2916666666666667
    },
    "overall": {
        "nb": 74,
        "score": 0.3378378378486486
    }
}
