{
    "reddit": {
        "nb": 16,
        "score": 0.375
    },
    "shopping": {
        "nb": 15,
        "score": 0.3333333333333333
    },
    "gitlab": {
        "nb": 19,
        "score": 0.21052631578947367
    },
    "shopping_admin": {
        "nb": 24,
        "score": 0.2916666666666667
    },
    "overall": {
        "nb": 74,
        "score": 0.2972972972972973
    }
}