{
    "gitlab": {
        "score": 0.23076923076923078,
        "nb": 13
    },
    "shopping_admin": {
        "score": 0.3,
        "nb": 10
    },
    "reddit": {
        "score": 0.2857142857142857,
        "nb": 7
    },
    "overall": {
        "score": 0.26666666666666666,
        "nb": 30
    },
    "title": ""
}