{
    "shopping": {
        "nb": 10,
        "score": 0.5
    },
    "overall": {
        "nb": 40,
        "score": 0.35
    },
    "gitlab": {
        "nb": 13,
        "score": 0.23076923076923078
    },
    "shopping_admin": {
        "nb": 10,
        "score": 0.3
    },
    "reddit": {
        "nb": 7,
        "score": 0.42857142857142855
    }
}