{
    "shopping": {
        "nb": 10,
        "score": 0.3
    },
    "overall": {
        "nb": 40,
        "score": 0.275
    },
    "gitlab": {
        "nb": 13,
        "score": 0.23076923076923078
    },
    "shopping_admin": {
        "nb": 10,
        "score": 0.3
    },
    "reddit": {
        "nb": 7,
        "score": 0.2857142857142857
    }
}