{
    "shopping": {
        "nb": 10,
        "score": 0.4
    },
    "overall": {
        "nb": 40,
        "score": 0.35
    },
    "gitlab": {
        "nb": 13,
        "score": 0.38461538461538464
    },
    "shopping_admin": {
        "nb": 10,
        "score": 0.3
    },
    "reddit": {
        "nb": 7,
        "score": 0.2857142857142857
    }
}