{
    "reddit": {
        "score": 0.3333333333333333,
        "nb": 9
    },
    "shopping": {
        "score": 0.3333333333333333,
        "nb": 15
    },
    "gitlab": {
        "score": 0.16666666666666666,
        "nb": 6
    },
    "shopping_admin": {
        "score": 0.2857142857142857,
        "nb": 14
    },
    "overall": {
        "score": 0.29545454545454547,
        "nb": 44
    },
    "title": ""
}