{
    "reddit": {
        "score": 0.3333333333333333,
        "nb": 9
    },
    "shopping": {
        "score": 0.4666666666666667,
        "nb": 15
    },
    "gitlab": {
        "score": 0.16666666666666666,
        "nb": 6
    },
    "shopping_admin": {
        "score": 0.14285714285714285,
        "nb": 14
    },
    "overall": {
        "score": 0.29545454545454547,
        "nb": 44
    },
    "title": ""
}