{
    "gitlab": {
        "score": 0.0,
        "nb": 5
    },
    "shopping_admin": {
        "score": 0.16666666666666666,
        "nb": 12
    },
    "reddit": {
        "score": 1.0,
        "nb": 1
    },
    "shopping": {
        "score": 0.16666666666666666,
        "nb": 6
    },
    "overall": {
        "score": 0.16666666666666666,
        "nb": 24
    },
    "title": ""
}