{
    "gitlab": {
        "score": 0.38461538461538464,
        "nb": 13
    },
    "shopping_admin": {
        "score": 0.3,
        "nb": 10
    },
    "reddit": {
        "score": 0.2857142857142857,
        "nb": 7
    },
    "overall": {
        "score": 0.3333333333333333,
        "nb": 30
    },
    "title": ""
}