{
    "reddit": {
        "score": 0.2857142857142857,
        "nb": 7
    },
    "shopping_admin": {
        "score": 0.1111111111111111,
        "nb": 9
    },
    "map": {
        "score": 0.3333333333333333,
        "nb": 3
    },
    "shopping": {
        "score": 0.2222222222222222,
        "nb": 9
    },
    "gitlab": {
        "score": 0.0,
        "nb": 2
    },
    "overall": {
        "score": 0.2,
        "nb": 30
    },
    "title": "SteP with self-improvement"
}