{
    "shopping_admin": {
        "score": 0.0,
        "nb": 3
    },
    "shopping": {
        "score": 0.09090909090909091,
        "nb": 11
    },
    "map": {
        "score": 0.3333333333333333,
        "nb": 6
    },
    "reddit": {
        "score": 0.3333333333333333,
        "nb": 3
    },
    "gitlab": {
        "score": 0.0,
        "nb": 7
    },
    "overall": {
        "score": 0.13333333333333333,
        "nb": 30
    },
    "title": "DynPol"
}