{
    "shopping": {
        "score": 0.36363636363636365,
        "nb": 11
    },
    "map": {
        "score": 0.0,
        "nb": 9
    },
    "gitlab": {
        "score": 0.23076923076923078,
        "nb": 13
    },
    "shopping_admin": {
        "score": 0.14285714285714285,
        "nb": 7
    },
    "reddit": {
        "score": 0.3333333333333333,
        "nb": 9
    },
    "overall": {
        "score": 0.22448979591836735,
        "nb": 49
    },
    "title": "SteP Agent"
}