{
    "gitlab": {
        "score": 0.16666666666666666,
        "nb": 6
    },
    "shopping_admin": {
        "score": 0.0,
        "nb": 1
    },
    "overall": {
        "score": 0.14285714285714285,
        "nb": 7
    },
    "title": ""
}