{
    "shopping_admin": {
        "score": 0.21875,
        "nb": 32
    },
    "map": {
        "score": 0.0,
        "nb": 1
    },
    "gitlab": {
        "score": 0.3783783783783784,
        "nb": 37
    },
    "reddit": {
        "score": 0.2222222222222222,
        "nb": 18
    },
    "overall": {
        "score": 0.2840909090909091,
        "nb": 88
    },
    "title": ""
}